"","Species","confidence","ARU.ID","Date","start.min","start.sec","True.Positive"
"1","American Robin",0.914222359657288,"SMM01","2023-06-06",2,3,NA
"2","American Robin",0.625004410743713,"SMM01","2023-06-06",2,12,NA
"3","American Robin",0.318641752004623,"SMM01","2023-06-13",15,33,NA
"4","American Robin",0.305570423603058,"SMM01","2023-06-14",19,24,NA
"5","American Robin",0.307021111249924,"SMM01","2023-06-16",5,30,NA
"6","American Robin",0.542382955551147,"SMM01","2023-06-16",10,6,NA
"7","American Robin",0.446435213088989,"SMM01","2023-06-16",10,9,NA
"8","American Robin",0.336276054382324,"SMM01","2023-06-17",8,45,NA
"9","American Robin",0.312208712100983,"SMM01","2023-06-18",57,12,NA
"10","American Robin",0.308282017707825,"SMM01","2023-06-20",2,57,NA
"11","American Robin",0.434066861867905,"SMM01","2023-06-20",14,48,NA
"12","American Robin",0.58207756280899,"SMM01","2023-06-20",15,3,NA
"13","American Robin",0.632888078689575,"SMM01","2023-06-22",43,45,NA
"14","American Robin",0.444697856903076,"SMM02","2023-06-05",5,33,NA
"15","American Robin",0.627987146377563,"SMM02","2023-06-06",1,12,NA
"16","American Robin",0.974042057991028,"SMM02","2023-06-06",2,0,NA
"17","American Robin",0.509167075157166,"SMM02","2023-06-06",2,21,NA
"18","American Robin",0.4491006731987,"SMM02","2023-06-13",14,27,NA
"19","American Robin",0.521130263805389,"SMM02","2023-06-14",19,51,NA
"20","American Robin",0.300429075956345,"SMM02","2023-06-14",24,27,NA
"21","American Robin",0.467760115861893,"SMM02","2023-06-16",0,51,NA
"22","American Robin",0.324112951755524,"SMM02","2023-06-16",5,45,NA
"23","American Robin",0.663734555244446,"SMM02","2023-06-16",10,18,NA
"24","American Robin",0.538911283016205,"SMM02","2023-06-16",12,0,NA
"25","American Robin",0.304122030735016,"SMM02","2023-06-16",18,0,NA
"26","American Robin",0.312140882015228,"SMM02","2023-06-16",18,45,NA
"27","American Robin",0.322931498289108,"SMM02","2023-06-17",9,12,NA
"28","American Robin",0.378964096307755,"SMM02","2023-06-17",15,12,NA
"29","American Robin",0.557881116867065,"SMM02","2023-06-20",2,45,NA
"30","American Robin",0.437596529722214,"SMM02","2023-06-20",15,24,NA
"31","American Robin",0.550837814807892,"SMM02","2023-06-25",22,57,NA
"32","American Robin",0.63093489408493,"SMM07","2023-06-02",2,48,NA
"33","American Robin",0.308521002531052,"SMM11","2023-06-01",48,3,NA
"34","American Robin",0.443805068731308,"SMM11","2023-06-05",9,54,NA
"35","American Robin",0.607929110527039,"SMM11","2023-06-05",13,0,NA
"36","American Robin",0.458089500665665,"SMM11","2023-06-05",20,39,NA
"37","American Robin",0.337420701980591,"SMM11","2023-06-05",26,0,NA
"38","American Robin",0.332064688205719,"SMM11","2023-06-05",27,6,NA
"39","American Robin",0.560343146324158,"SMM11","2023-06-05",30,39,NA
"40","American Robin",0.620771706104279,"SMM11","2023-06-05",33,12,NA
"41","American Robin",0.803154408931732,"SMM11","2023-06-05",35,42,NA
"42","American Robin",0.530692160129547,"SMM11","2023-06-05",38,54,NA
"43","American Robin",0.508607387542725,"SMM11","2023-06-05",39,51,NA
"44","American Robin",0.761648058891296,"SMM11","2023-06-05",40,9,NA
"45","American Robin",0.541602194309235,"SMM11","2023-06-05",40,12,NA
"46","American Robin",0.585913777351379,"SMM11","2023-06-05",43,9,NA
"47","American Robin",0.475713610649109,"SMM11","2023-06-05",44,9,NA
"48","American Robin",0.565706670284271,"SMM11","2023-06-05",47,27,NA
"49","American Robin",0.472886949777603,"SMM11","2023-06-05",49,48,NA
"50","American Robin",0.705217897891998,"SMM11","2023-06-05",51,45,NA
"51","American Robin",0.75825297832489,"SMM11","2023-06-05",51,51,NA
"52","American Robin",0.518157124519348,"SMM11","2023-06-05",55,51,NA
"53","American Robin",0.41477307677269,"SMM11","2023-06-07",1,21,NA
"54","American Robin",0.522153198719025,"SMM11","2023-06-07",3,15,NA
"55","American Robin",0.355840742588043,"SMM11","2023-06-07",5,15,NA
"56","American Robin",0.538241803646088,"SMM11","2023-06-07",7,54,NA
"57","American Robin",0.362546861171722,"SMM11","2023-06-07",8,30,NA
"58","American Robin",0.530791103839874,"SMM11","2023-06-07",9,9,NA
"59","American Robin",0.353900462388992,"SMM11","2023-06-07",12,27,NA
"60","American Robin",0.336612045764923,"SMM11","2023-06-07",12,48,NA
"61","American Robin",0.330678701400757,"SMM11","2023-06-07",58,39,NA
"62","American Robin",0.456424921751022,"SMM11","2023-06-07",58,54,NA
"63","American Robin",0.524957895278931,"SMM11","2023-06-07",59,18,NA
"64","American Robin",0.351124286651611,"SMM11","2023-06-08",23,6,NA
"65","American Robin",0.379769384860992,"SMM11","2023-06-08",24,6,NA
"66","American Robin",0.347355216741562,"SMM11","2023-06-08",26,48,NA
"67","American Robin",0.569793343544006,"SMM11","2023-06-08",33,39,NA
"68","American Robin",0.368243724107742,"SMM11","2023-06-08",38,42,NA
"69","American Robin",0.334524631500244,"SMM11","2023-06-08",41,21,NA
"70","American Robin",0.528556227684021,"SMM11","2023-06-09",9,33,NA
"71","American Robin",0.405597388744354,"SMM11","2023-06-09",10,30,NA
"72","American Robin",0.389516979455948,"SMM11","2023-06-10",1,21,NA
"73","American Robin",0.520347237586975,"SMM11","2023-06-10",3,9,NA
"74","American Robin",0.449951171875,"SMM11","2023-06-10",4,0,NA
"75","American Robin",0.409055680036545,"SMM11","2023-06-10",12,57,NA
"76","American Robin",0.50979220867157,"SMM11","2023-06-10",14,51,NA
"77","American Robin",0.457505404949188,"SMM11","2023-06-10",18,48,NA
"78","American Robin",0.692868292331696,"SMM11","2023-06-10",21,24,NA
"79","American Robin",0.338046312332153,"SMM11","2023-06-10",25,33,NA
"80","American Robin",0.440167486667633,"SMM11","2023-06-10",25,42,NA
"81","American Robin",0.449382215738297,"SMM11","2023-06-10",38,18,NA
"82","American Robin",0.488699555397034,"SMM11","2023-06-10",38,36,NA
"83","American Robin",0.327893644571304,"SMM11","2023-06-10",38,57,NA
"84","American Robin",0.374092161655426,"SMM11","2023-06-10",40,48,NA
"85","American Robin",0.486210584640503,"SMM11","2023-06-10",42,36,NA
"86","American Robin",0.338479280471802,"SMM11","2023-06-10",54,45,NA
"87","American Robin",0.585855007171631,"SMM11","2023-06-11",0,18,NA
"88","American Robin",0.370294719934464,"SMM11","2023-06-11",0,21,NA
"89","American Robin",0.373145580291748,"SMM11","2023-06-11",1,15,NA
"90","American Robin",0.323484569787979,"SMM11","2023-06-11",4,0,NA
"91","American Robin",0.52852463722229,"SMM11","2023-06-11",5,45,NA
"92","American Robin",0.314173758029938,"SMM11","2023-06-11",7,21,NA
"93","American Robin",0.564579904079437,"SMM11","2023-06-11",9,21,NA
"94","American Robin",0.541602551937103,"SMM11","2023-06-11",31,21,NA
"95","American Robin",0.558786332607269,"SMM11","2023-06-11",31,45,NA
"96","American Robin",0.372331231832504,"SMM11","2023-06-11",46,27,NA
"97","American Robin",0.334476828575134,"SMM11","2023-06-11",47,24,NA
"98","American Robin",0.40278172492981,"SMM11","2023-06-11",48,24,NA
"99","American Robin",0.6339271068573,"SMM11","2023-06-11",50,33,NA
"100","American Robin",0.373734027147293,"SMM11","2023-06-13",15,48,NA
"101","Black-headed Grosbeak",0.396180093288422,"SMM01","2023-06-16",18,45,NA
"102","Black-headed Grosbeak",0.981142818927765,"SMM05","2023-06-01",15,54,NA
"103","Black-headed Grosbeak",0.68397057056427,"SMM05","2023-06-15",27,45,NA
"104","Black-headed Grosbeak",0.772952973842621,"SMM05","2023-06-15",29,54,NA
"105","Black-headed Grosbeak",0.75674569606781,"SMM05","2023-06-16",0,12,NA
"106","Black-headed Grosbeak",0.37182742357254,"SMM05","2023-06-16",0,30,NA
"107","Black-headed Grosbeak",0.939970016479492,"SMM05","2023-06-16",1,36,NA
"108","Black-headed Grosbeak",0.659960985183716,"SMM05","2023-06-16",1,42,NA
"109","Black-headed Grosbeak",0.798471987247467,"SMM05","2023-06-18",1,30,NA
"110","Black-headed Grosbeak",0.562183320522308,"SMM05","2023-06-18",3,27,NA
"111","Black-headed Grosbeak",0.710677564144135,"SMM05","2023-06-19",42,39,NA
"112","Black-headed Grosbeak",0.524974226951599,"SMM05","2023-06-22",50,18,NA
"113","Black-headed Grosbeak",0.532213509082794,"SMM05","2023-06-22",50,30,NA
"114","Black-headed Grosbeak",0.996428787708282,"SMM05","2023-06-22",52,9,NA
"115","Black-headed Grosbeak",0.306858211755753,"SMM05","2023-06-22",52,57,NA
"116","Black-headed Grosbeak",0.41666167974472,"SMM05","2023-06-22",54,48,NA
"117","Black-headed Grosbeak",0.971999764442444,"SMM05","2023-06-22",55,30,NA
"118","Black-headed Grosbeak",0.983140408992767,"SMM05","2023-06-22",55,48,NA
"119","Black-headed Grosbeak",0.971445083618164,"SMM05","2023-06-24",3,42,NA
"120","Black-headed Grosbeak",0.931690096855164,"SMM05","2023-06-25",3,45,NA
"121","Black-headed Grosbeak",0.410188287496567,"SMM07","2023-06-01",24,27,NA
"122","Black-headed Grosbeak",0.398340851068497,"SMM07","2023-06-01",25,6,NA
"123","Black-headed Grosbeak",0.309615612030029,"SMM07","2023-06-04",24,12,NA
"124","Black-headed Grosbeak",0.726756513118744,"SMM07","2023-06-04",45,51,NA
"125","Black-headed Grosbeak",0.786643981933594,"SMM07","2023-06-04",46,0,NA
"126","Black-headed Grosbeak",0.507579445838928,"SMM07","2023-06-04",57,0,NA
"127","Black-headed Grosbeak",0.378657609224319,"SMM07","2023-06-05",39,57,NA
"128","Black-headed Grosbeak",0.408001780509949,"SMM07","2023-06-07",2,12,NA
"129","Black-headed Grosbeak",0.665662825107574,"SMM07","2023-06-07",3,39,NA
"130","Black-headed Grosbeak",0.351191014051437,"SMM07","2023-06-11",1,27,NA
"131","Black-headed Grosbeak",0.516691863536835,"SMM07","2023-06-11",3,12,NA
"132","Black-headed Grosbeak",0.499489605426788,"SMM07","2023-06-12",0,9,NA
"133","Black-headed Grosbeak",0.625760793685913,"SMM07","2023-06-12",0,42,NA
"134","Black-headed Grosbeak",0.7898890376091,"SMM07","2023-06-13",0,18,NA
"135","Black-headed Grosbeak",0.746393859386444,"SMM07","2023-06-14",32,57,NA
"136","Black-headed Grosbeak",0.316426813602448,"SMM07","2023-06-15",11,33,NA
"137","Black-headed Grosbeak",0.442676484584808,"SMM07","2023-06-15",14,39,NA
"138","Black-headed Grosbeak",0.391728430986404,"SMM07","2023-06-18",0,45,NA
"139","Black-headed Grosbeak",0.6092928647995,"SMM07","2023-06-18",9,12,NA
"140","Black-headed Grosbeak",0.325848817825317,"SMM07","2023-06-20",6,0,NA
"141","Black-headed Grosbeak",0.619818150997162,"SMM07","2023-06-20",12,18,NA
"142","Black-headed Grosbeak",0.41154208779335,"SMM07","2023-06-20",25,36,NA
"143","Black-headed Grosbeak",0.417128592729568,"SMM07","2023-06-21",7,12,NA
"144","Black-headed Grosbeak",0.45384755730629,"SMM07","2023-06-21",7,30,NA
"145","Black-headed Grosbeak",0.807754874229431,"SMM07","2023-06-23",9,21,NA
"146","Black-headed Grosbeak",0.341251611709595,"SMM07","2023-06-23",10,3,NA
"147","Black-headed Grosbeak",0.404695361852646,"SMM07","2023-06-23",11,30,NA
"148","Black-headed Grosbeak",0.40042981505394,"SMM07","2023-06-23",12,9,NA
"149","Black-headed Grosbeak",0.369264870882034,"SMM08","2023-06-02",27,54,NA
"150","Black-headed Grosbeak",0.490944415330887,"SMM08","2023-06-03",17,3,NA
"151","Black-headed Grosbeak",0.426843553781509,"SMM08","2023-06-05",7,30,NA
"152","Black-headed Grosbeak",0.518390715122223,"SMM08","2023-06-05",33,42,NA
"153","Black-headed Grosbeak",0.694265425205231,"SMM08","2023-06-05",34,51,NA
"154","Black-headed Grosbeak",0.675455689430237,"SMM08","2023-06-05",35,12,NA
"155","Black-headed Grosbeak",0.434058964252472,"SMM08","2023-06-06",7,54,NA
"156","Black-headed Grosbeak",0.584829211235046,"SMM08","2023-06-10",52,30,NA
"157","Black-headed Grosbeak",0.882283926010132,"SMM08","2023-06-10",55,0,NA
"158","Black-headed Grosbeak",0.545084953308105,"SMM08","2023-06-11",0,15,NA
"159","Black-headed Grosbeak",0.340377032756805,"SMM08","2023-06-11",3,27,NA
"160","Black-headed Grosbeak",0.907799363136292,"SMM08","2023-06-11",18,27,NA
"161","Black-headed Grosbeak",0.923069775104523,"SMM08","2023-06-11",18,30,NA
"162","Black-headed Grosbeak",0.444340914487839,"SMM08","2023-06-13",1,51,NA
"163","Black-headed Grosbeak",0.353759825229645,"SMM08","2023-06-13",2,0,NA
"164","Black-headed Grosbeak",0.373396098613739,"SMM08","2023-06-13",2,30,NA
"165","Black-headed Grosbeak",0.661738276481628,"SMM08","2023-06-13",8,45,NA
"166","Black-headed Grosbeak",0.652756810188293,"SMM08","2023-06-14",0,42,NA
"167","Black-headed Grosbeak",0.5718994140625,"SMM08","2023-06-14",1,21,NA
"168","Black-headed Grosbeak",0.468317985534668,"SMM08","2023-06-17",8,3,NA
"169","Black-headed Grosbeak",0.441092044115067,"SMM08","2023-06-17",11,51,NA
"170","Black-headed Grosbeak",0.341525226831436,"SMM08","2023-06-18",2,48,NA
"171","Black-headed Grosbeak",0.420305222272873,"SMM08","2023-06-18",4,48,NA
"172","Black-headed Grosbeak",0.385157555341721,"SMM08","2023-06-18",10,9,NA
"173","Black-headed Grosbeak",0.674138903617859,"SMM08","2023-06-18",12,30,NA
"174","Black-headed Grosbeak",0.322390764951706,"SMM08","2023-06-18",14,21,NA
"175","Black-headed Grosbeak",0.534075260162354,"SMM08","2023-06-19",13,21,NA
"176","Black-headed Grosbeak",0.534893453121185,"SMM08","2023-06-20",5,18,NA
"177","Black-headed Grosbeak",0.308060139417648,"SMM08","2023-06-20",6,12,NA
"178","Black-headed Grosbeak",0.640087902545929,"SMM08","2023-06-20",8,33,NA
"179","Black-headed Grosbeak",0.598197102546692,"SMM08","2023-06-20",8,51,NA
"180","Black-headed Grosbeak",0.505697965621948,"SMM08","2023-06-20",10,18,NA
"181","Black-headed Grosbeak",0.611187398433685,"SMM08","2023-06-20",13,54,NA
"182","Black-headed Grosbeak",0.658378124237061,"SMM08","2023-06-20",27,15,NA
"183","Black-headed Grosbeak",0.487435907125473,"SMM08","2023-06-21",2,21,NA
"184","Black-headed Grosbeak",0.415091335773468,"SMM08","2023-06-21",2,36,NA
"185","Black-headed Grosbeak",0.714076280593872,"SMM08","2023-06-21",6,24,NA
"186","Black-headed Grosbeak",0.646213531494141,"SMM08","2023-06-23",11,3,NA
"187","Black-headed Grosbeak",0.613212823867798,"SMM08","2023-06-25",1,51,NA
"188","Black-headed Grosbeak",0.488620758056641,"SMM11","2023-06-08",24,54,NA
"189","Black-headed Grosbeak",0.35043928027153,"SMM14","2023-06-07",51,48,NA
"190","Black-headed Grosbeak",0.375022262334824,"SMM14","2023-06-07",56,39,NA
"191","Black-headed Grosbeak",0.969261765480042,"SMM16","2023-06-09",52,27,NA
"192","Black-headed Grosbeak",0.678077638149261,"SMM16","2023-06-09",52,33,NA
"193","Black-headed Grosbeak",0.872798442840576,"SMM16","2023-06-13",29,39,NA
"194","Black-headed Grosbeak",0.443755090236664,"SMM16","2023-06-13",30,24,NA
"195","Black-headed Grosbeak",0.499695956707001,"SMM16","2023-06-13",37,24,NA
"196","Black-headed Grosbeak",0.544294893741608,"SMM16","2023-06-13",37,33,NA
"197","Black-headed Grosbeak",0.448502510786057,"SMM16","2023-06-13",45,18,NA
"198","Black-headed Grosbeak",0.5505091547966,"SMM16","2023-06-14",40,54,NA
"199","Black-headed Grosbeak",0.573114275932312,"SMM16","2023-06-15",50,12,NA
"200","Black-headed Grosbeak",0.531450510025024,"SMM16","2023-06-15",51,57,NA
"201","Hammond's Flycatcher",0.540968120098114,"SMM01","2023-06-01",34,0,NA
"202","Hammond's Flycatcher",0.811838686466217,"SMM01","2023-06-01",39,30,NA
"203","Hammond's Flycatcher",0.852728307247162,"SMM01","2023-06-02",26,18,NA
"204","Hammond's Flycatcher",0.577248215675354,"SMM01","2023-06-02",28,21,NA
"205","Hammond's Flycatcher",0.423788636922836,"SMM01","2023-06-02",32,9,NA
"206","Hammond's Flycatcher",0.334368675947189,"SMM01","2023-06-02",32,21,NA
"207","Hammond's Flycatcher",0.720853984355927,"SMM01","2023-06-02",34,48,NA
"208","Hammond's Flycatcher",0.473269909620285,"SMM01","2023-06-02",37,9,NA
"209","Hammond's Flycatcher",0.785477101802826,"SMM01","2023-06-03",20,30,NA
"210","Hammond's Flycatcher",0.363946855068207,"SMM01","2023-06-03",22,33,NA
"211","Hammond's Flycatcher",0.640035808086395,"SMM01","2023-06-03",47,6,NA
"212","Hammond's Flycatcher",0.738231182098389,"SMM01","2023-06-04",48,48,NA
"213","Hammond's Flycatcher",0.311381101608276,"SMM01","2023-06-04",50,0,NA
"214","Hammond's Flycatcher",0.810868740081787,"SMM01","2023-06-04",50,15,NA
"215","Hammond's Flycatcher",0.522995054721832,"SMM01","2023-06-04",50,51,NA
"216","Hammond's Flycatcher",0.422679334878922,"SMM01","2023-06-04",52,30,NA
"217","Hammond's Flycatcher",0.765185594558716,"SMM01","2023-06-04",54,30,NA
"218","Hammond's Flycatcher",0.643664240837097,"SMM01","2023-06-05",7,12,NA
"219","Hammond's Flycatcher",0.45136433839798,"SMM01","2023-06-05",33,36,NA
"220","Hammond's Flycatcher",0.872304618358612,"SMM01","2023-06-13",46,42,NA
"221","Hammond's Flycatcher",0.358361393213272,"SMM01","2023-06-13",46,45,NA
"222","Hammond's Flycatcher",0.378336369991302,"SMM01","2023-06-13",49,12,NA
"223","Hammond's Flycatcher",0.597499549388885,"SMM01","2023-06-13",50,36,NA
"224","Hammond's Flycatcher",0.846383810043335,"SMM01","2023-06-17",44,18,NA
"225","Hammond's Flycatcher",0.607086539268494,"SMM01","2023-06-17",45,27,NA
"226","Hammond's Flycatcher",0.385377645492554,"SMM01","2023-06-17",46,57,NA
"227","Hammond's Flycatcher",0.56359189748764,"SMM01","2023-06-21",45,42,NA
"228","Hammond's Flycatcher",0.73493093252182,"SMM01","2023-06-23",46,3,NA
"229","Hammond's Flycatcher",0.390596121549606,"SMM01","2023-06-25",56,3,NA
"230","Hammond's Flycatcher",0.490852355957031,"SMM02","2023-06-01",28,30,NA
"231","Hammond's Flycatcher",0.719724118709564,"SMM02","2023-06-01",32,42,NA
"232","Hammond's Flycatcher",0.729640483856201,"SMM02","2023-06-01",33,42,NA
"233","Hammond's Flycatcher",0.842175841331482,"SMM02","2023-06-01",33,51,NA
"234","Hammond's Flycatcher",0.558769166469574,"SMM02","2023-06-01",34,36,NA
"235","Hammond's Flycatcher",0.446404814720154,"SMM02","2023-06-01",34,42,NA
"236","Hammond's Flycatcher",0.840365052223206,"SMM02","2023-06-01",34,57,NA
"237","Hammond's Flycatcher",0.588817775249481,"SMM02","2023-06-01",39,45,NA
"238","Hammond's Flycatcher",0.787915766239166,"SMM02","2023-06-01",53,21,NA
"239","Hammond's Flycatcher",0.633647739887238,"SMM02","2023-06-01",54,21,NA
"240","Hammond's Flycatcher",0.91925436258316,"SMM02","2023-06-02",24,12,NA
"241","Hammond's Flycatcher",0.548933684825897,"SMM02","2023-06-02",26,33,NA
"242","Hammond's Flycatcher",0.605602443218231,"SMM02","2023-06-02",32,51,NA
"243","Hammond's Flycatcher",0.890758216381073,"SMM02","2023-06-03",17,54,NA
"244","Hammond's Flycatcher",0.381922632455826,"SMM02","2023-06-03",20,36,NA
"245","Hammond's Flycatcher",0.368723213672638,"SMM02","2023-06-04",17,24,NA
"246","Hammond's Flycatcher",0.975080847740173,"SMM02","2023-06-04",48,42,NA
"247","Hammond's Flycatcher",0.758387386798859,"SMM02","2023-06-05",41,57,NA
"248","Hammond's Flycatcher",0.780174195766449,"SMM02","2023-06-07",19,42,NA
"249","Hammond's Flycatcher",0.372699677944183,"SMM02","2023-06-07",21,57,NA
"250","Hammond's Flycatcher",0.367209941148758,"SMM02","2023-06-08",48,45,NA
"251","Hammond's Flycatcher",0.446201115846634,"SMM02","2023-06-08",49,39,NA
"252","Hammond's Flycatcher",0.417327612638474,"SMM02","2023-06-08",50,42,NA
"253","Hammond's Flycatcher",0.358277410268784,"SMM02","2023-06-10",29,15,NA
"254","Hammond's Flycatcher",0.588905572891235,"SMM02","2023-06-11",39,15,NA
"255","Hammond's Flycatcher",0.556756436824799,"SMM02","2023-06-12",40,9,NA
"256","Hammond's Flycatcher",0.835500001907349,"SMM02","2023-06-12",40,48,NA
"257","Hammond's Flycatcher",0.791403412818909,"SMM02","2023-06-12",40,51,NA
"258","Hammond's Flycatcher",0.482550024986267,"SMM02","2023-06-12",56,15,NA
"259","Hammond's Flycatcher",0.328453809022903,"SMM02","2023-06-13",51,18,NA
"260","Hammond's Flycatcher",0.700385868549347,"SMM02","2023-06-13",51,51,NA
"261","Hammond's Flycatcher",0.538052439689636,"SMM02","2023-06-14",56,0,NA
"262","Hammond's Flycatcher",0.731131255626678,"SMM02","2023-06-14",56,6,NA
"263","Hammond's Flycatcher",0.314529120922089,"SMM02","2023-06-14",56,42,NA
"264","Hammond's Flycatcher",0.393539369106293,"SMM02","2023-06-17",44,48,NA
"265","Hammond's Flycatcher",0.387827008962631,"SMM02","2023-06-17",46,3,NA
"266","Hammond's Flycatcher",0.347274243831635,"SMM02","2023-06-19",57,0,NA
"267","Hammond's Flycatcher",0.30091467499733,"SMM02","2023-06-21",27,57,NA
"268","Hammond's Flycatcher",0.630014598369598,"SMM02","2023-06-25",56,18,NA
"269","Hammond's Flycatcher",0.386177092790604,"SMM02","2023-06-25",56,27,NA
"270","Hammond's Flycatcher",0.577309370040894,"SMM07","2023-06-03",30,42,NA
"271","Hammond's Flycatcher",0.397327572107315,"SMM07","2023-06-03",48,9,NA
"272","Hammond's Flycatcher",0.336030960083008,"SMM07","2023-06-04",17,54,NA
"273","Hammond's Flycatcher",0.363970041275024,"SMM07","2023-06-05",13,33,NA
"274","Hammond's Flycatcher",0.554914116859436,"SMM07","2023-06-05",45,24,NA
"275","Hammond's Flycatcher",0.354418367147446,"SMM07","2023-06-05",45,54,NA
"276","Hammond's Flycatcher",0.793837606906891,"SMM07","2023-06-05",46,39,NA
"277","Hammond's Flycatcher",0.424136459827423,"SMM07","2023-06-14",37,57,NA
"278","Hammond's Flycatcher",0.441094964742661,"SMM08","2023-06-03",48,6,NA
"279","Hammond's Flycatcher",0.882850527763367,"SMM08","2023-06-03",53,39,NA
"280","Hammond's Flycatcher",0.316085666418076,"SMM08","2023-06-04",17,21,NA
"281","Hammond's Flycatcher",0.506003379821777,"SMM08","2023-06-04",18,12,NA
"282","Hammond's Flycatcher",0.779389262199402,"SMM08","2023-06-05",45,27,NA
"283","Hammond's Flycatcher",0.509758770465851,"SMM08","2023-06-05",45,36,NA
"284","Hammond's Flycatcher",0.340977191925049,"SMM08","2023-06-05",46,42,NA
"285","Hammond's Flycatcher",0.400751829147339,"SMM08","2023-06-05",47,24,NA
"286","Hammond's Flycatcher",0.375470876693726,"SMM08","2023-06-05",47,45,NA
"287","Hammond's Flycatcher",0.340105682611465,"SMM08","2023-06-08",24,48,NA
"288","Hammond's Flycatcher",0.393998384475708,"SMM08","2023-06-13",24,51,NA
"289","Hammond's Flycatcher",0.588976442813873,"SMM08","2023-06-13",47,24,NA
"290","Hammond's Flycatcher",0.326942324638367,"SMM11","2023-06-03",2,45,NA
"291","Hammond's Flycatcher",0.776835978031158,"SMM14","2023-06-05",57,57,NA
"292","Hammond's Flycatcher",0.342140078544617,"SMM14","2023-06-07",43,0,NA
"293","Hammond's Flycatcher",0.4555983543396,"SMM14","2023-06-07",44,9,NA
"294","Hammond's Flycatcher",0.561412513256073,"SMM14","2023-06-09",44,33,NA
"295","Hammond's Flycatcher",0.338025033473969,"SMM14","2023-06-09",56,48,NA
"296","Hammond's Flycatcher",0.349307179450989,"SMM14","2023-06-10",56,15,NA
"297","Hammond's Flycatcher",0.746022760868073,"SMM14","2023-06-11",43,12,NA
"298","Hammond's Flycatcher",0.323226183652878,"SMM14","2023-06-21",57,3,NA
"299","Hammond's Flycatcher",0.617154121398926,"SMM16","2023-06-10",46,24,NA
"300","Hammond's Flycatcher",0.945253014564514,"SMM16","2023-06-16",17,15,NA
"301","Hermit Thrush",0.42512771487236,"SMM01","2023-06-09",28,45,NA
"302","Hermit Thrush",0.53240042924881,"SMM01","2023-06-09",52,18,NA
"303","Hermit Thrush",0.565421879291534,"SMM01","2023-06-10",49,54,NA
"304","Hermit Thrush",0.778494596481323,"SMM01","2023-06-10",50,57,NA
"305","Hermit Thrush",0.385671555995941,"SMM01","2023-06-10",55,45,NA
"306","Hermit Thrush",0.339853286743164,"SMM01","2023-06-10",58,9,NA
"307","Hermit Thrush",0.649878978729248,"SMM01","2023-06-10",58,33,NA
"308","Hermit Thrush",0.582954227924347,"SMM01","2023-06-18",49,30,NA
"309","Hermit Thrush",0.332676261663437,"SMM01","2023-06-19",26,21,NA
"310","Hermit Thrush",0.411840260028839,"SMM01","2023-06-20",10,12,NA
"311","Hermit Thrush",0.682343184947968,"SMM01","2023-06-21",43,51,NA
"312","Hermit Thrush",0.47703093290329,"SMM01","2023-06-21",59,39,NA
"313","Hermit Thrush",0.31717124581337,"SMM01","2023-06-24",43,54,NA
"314","Hermit Thrush",0.300043195486069,"SMM01","2023-06-24",59,6,NA
"315","Hermit Thrush",0.40325340628624,"SMM01","2023-06-25",40,57,NA
"316","Hermit Thrush",0.603511929512024,"SMM01","2023-06-25",48,3,NA
"317","Hermit Thrush",0.511473476886749,"SMM01","2023-06-25",51,51,NA
"318","Hermit Thrush",0.301197558641434,"SMM01","2023-06-26",22,21,NA
"319","Hermit Thrush",0.371161490678787,"SMM01","2023-06-26",31,33,NA
"320","Hermit Thrush",0.580995380878448,"SMM01","2023-06-26",40,3,NA
"321","Hermit Thrush",0.582612454891205,"SMM01","2023-06-26",43,18,NA
"322","Hermit Thrush",0.53033846616745,"SMM01","2023-06-26",43,39,NA
"323","Hermit Thrush",0.300584137439728,"SMM02","2023-06-09",28,45,NA
"324","Hermit Thrush",0.430408924818039,"SMM02","2023-06-09",51,54,NA
"325","Hermit Thrush",0.508391261100769,"SMM02","2023-06-10",53,27,NA
"326","Hermit Thrush",0.400331854820251,"SMM02","2023-06-21",40,27,NA
"327","Hermit Thrush",0.470536291599274,"SMM02","2023-06-21",52,48,NA
"328","Hermit Thrush",0.760890185832977,"SMM02","2023-06-23",59,39,NA
"329","Hermit Thrush",0.30839791893959,"SMM02","2023-06-25",33,9,NA
"330","Hermit Thrush",0.346876472234726,"SMM07","2023-06-14",48,42,NA
"331","Hermit Thrush",0.620149850845337,"SMM07","2023-06-14",52,18,NA
"332","Hermit Thrush",0.490226686000824,"SMM07","2023-06-21",52,15,NA
"333","Hermit Thrush",0.535957038402557,"SMM07","2023-06-21",56,39,NA
"334","Hermit Thrush",0.49158576130867,"SMM07","2023-06-21",59,24,NA
"335","Hermit Thrush",0.301078736782074,"SMM07","2023-06-23",54,57,NA
"336","Hermit Thrush",0.792481303215027,"SMM08","2023-06-11",53,45,NA
"337","Hermit Thrush",0.545154273509979,"SMM08","2023-06-12",35,21,NA
"338","Hermit Thrush",0.333729892969131,"SMM08","2023-06-12",36,0,NA
"339","Hermit Thrush",0.939193964004517,"SMM08","2023-06-21",57,27,NA
"340","Hermit Thrush",0.407513648271561,"SMM08","2023-06-23",37,30,NA
"341","Hermit Thrush",0.750394761562347,"SMM08","2023-06-23",59,12,NA
"342","Hermit Thrush",0.683375298976898,"SMM08","2023-06-24",54,36,NA
"343","Hermit Thrush",0.460168987512589,"SMM08","2023-06-24",57,42,NA
"344","Hermit Thrush",0.332525491714478,"SMM08","2023-06-24",58,39,NA
"345","Hermit Thrush",0.379272699356079,"SMM08","2023-06-26",52,51,NA
"346","Hermit Thrush",0.593277752399445,"SMM11","2023-06-01",31,27,NA
"347","Hermit Thrush",0.462046414613724,"SMM11","2023-06-02",36,57,NA
"348","Hermit Thrush",0.44685286283493,"SMM11","2023-06-02",39,36,NA
"349","Hermit Thrush",0.588086307048798,"SMM11","2023-06-02",40,30,NA
"350","Hermit Thrush",0.931795060634613,"SMM11","2023-06-02",45,33,NA
"351","Hermit Thrush",0.333892643451691,"SMM11","2023-06-03",11,3,NA
"352","Hermit Thrush",0.314187198877335,"SMM11","2023-06-03",35,51,NA
"353","Hermit Thrush",0.645600855350494,"SMM11","2023-06-03",45,45,NA
"354","Hermit Thrush",0.435946136713028,"SMM11","2023-06-03",47,36,NA
"355","Hermit Thrush",0.717862010002136,"SMM11","2023-06-03",53,51,NA
"356","Hermit Thrush",0.368191540241241,"SMM11","2023-06-04",58,57,NA
"357","Hermit Thrush",0.865762293338776,"SMM11","2023-06-07",56,6,NA
"358","Hermit Thrush",0.448535025119781,"SMM11","2023-06-09",1,3,NA
"359","Hermit Thrush",0.319689571857452,"SMM11","2023-06-09",2,3,NA
"360","Hermit Thrush",0.509533166885376,"SMM11","2023-06-09",3,48,NA
"361","Hermit Thrush",0.477619051933289,"SMM11","2023-06-09",4,54,NA
"362","Hermit Thrush",0.671649932861328,"SMM11","2023-06-09",7,9,NA
"363","Hermit Thrush",0.411310702562332,"SMM11","2023-06-09",11,0,NA
"364","Hermit Thrush",0.466950237751007,"SMM11","2023-06-09",15,30,NA
"365","Hermit Thrush",0.403659820556641,"SMM11","2023-06-09",19,45,NA
"366","Hermit Thrush",0.532866597175598,"SMM11","2023-06-09",29,12,NA
"367","Hermit Thrush",0.411993056535721,"SMM11","2023-06-09",31,18,NA
"368","Hermit Thrush",0.453013747930527,"SMM11","2023-06-09",33,12,NA
"369","Hermit Thrush",0.937427759170532,"SMM11","2023-06-09",35,6,NA
"370","Hermit Thrush",0.662488698959351,"SMM11","2023-06-09",38,57,NA
"371","Hermit Thrush",0.838265955448151,"SMM11","2023-06-09",41,15,NA
"372","Hermit Thrush",0.483011305332184,"SMM11","2023-06-09",49,39,NA
"373","Hermit Thrush",0.499072134494781,"SMM11","2023-06-09",50,33,NA
"374","Hermit Thrush",0.314884424209595,"SMM11","2023-06-10",6,6,NA
"375","Hermit Thrush",0.966503858566284,"SMM11","2023-06-10",11,30,NA
"376","Hermit Thrush",0.330122381448746,"SMM11","2023-06-10",17,57,NA
"377","Hermit Thrush",0.579419553279877,"SMM11","2023-06-10",22,12,NA
"378","Hermit Thrush",0.763524055480957,"SMM11","2023-06-10",30,3,NA
"379","Hermit Thrush",0.708893895149231,"SMM11","2023-06-10",31,12,NA
"380","Hermit Thrush",0.751535773277283,"SMM11","2023-06-10",36,0,NA
"381","Hermit Thrush",0.485131978988647,"SMM11","2023-06-10",39,0,NA
"382","Hermit Thrush",0.472693294286728,"SMM11","2023-06-10",43,54,NA
"383","Hermit Thrush",0.319797039031982,"SMM11","2023-06-10",45,36,NA
"384","Hermit Thrush",0.687542378902435,"SMM11","2023-06-10",48,27,NA
"385","Hermit Thrush",0.466982364654541,"SMM11","2023-06-10",49,24,NA
"386","Hermit Thrush",0.694892644882202,"SMM11","2023-06-11",2,36,NA
"387","Hermit Thrush",0.628614068031311,"SMM11","2023-06-11",28,54,NA
"388","Hermit Thrush",0.712363719940186,"SMM11","2023-06-11",47,9,NA
"389","Hermit Thrush",0.400117218494415,"SMM11","2023-06-11",51,24,NA
"390","Hermit Thrush",0.447104275226593,"SMM11","2023-06-11",54,36,NA
"391","Hermit Thrush",0.440694063901901,"SMM11","2023-06-15",54,3,NA
"392","Hermit Thrush",0.970729887485504,"SMM14","2023-06-09",9,3,NA
"393","Hermit Thrush",0.502291083335876,"SMM14","2023-06-09",12,15,NA
"394","Hermit Thrush",0.491040378808975,"SMM14","2023-06-11",30,42,NA
"395","Hermit Thrush",0.544752061367035,"SMM14","2023-06-11",31,12,NA
"396","Hermit Thrush",0.563722193241119,"SMM14","2023-06-11",47,12,NA
"397","Hermit Thrush",0.807872116565704,"SMM14","2023-06-11",54,36,NA
"398","Hermit Thrush",0.912213444709778,"SMM14","2023-06-16",50,54,NA
"399","Hermit Thrush",0.343967705965042,"SMM14","2023-06-19",32,9,NA
"400","Hermit Thrush",0.334584623575211,"SMM16","2023-06-17",28,48,NA
"401","House Wren",0.552295863628387,"SMM01","2023-06-05",53,3,NA
"402","House Wren",0.371299803256989,"SMM01","2023-06-06",40,51,NA
"403","House Wren",0.435923397541046,"SMM01","2023-06-06",41,39,NA
"404","House Wren",0.497008919715881,"SMM01","2023-06-06",42,3,NA
"405","House Wren",0.617018461227417,"SMM01","2023-06-06",44,21,NA
"406","House Wren",0.416842073202133,"SMM01","2023-06-06",45,39,NA
"407","House Wren",0.470714300870895,"SMM01","2023-06-06",45,48,NA
"408","House Wren",0.373953580856323,"SMM01","2023-06-06",57,6,NA
"409","House Wren",0.364330381155014,"SMM01","2023-06-06",58,3,NA
"410","House Wren",0.630713760852814,"SMM01","2023-06-06",59,36,NA
"411","House Wren",0.453601062297821,"SMM01","2023-06-07",37,6,NA
"412","House Wren",0.453538089990616,"SMM01","2023-06-07",37,57,NA
"413","House Wren",0.495068222284317,"SMM01","2023-06-07",41,18,NA
"414","House Wren",0.40656104683876,"SMM01","2023-06-07",41,36,NA
"415","House Wren",0.443682253360748,"SMM01","2023-06-07",41,48,NA
"416","House Wren",0.62778377532959,"SMM01","2023-06-07",42,9,NA
"417","House Wren",0.536334693431854,"SMM01","2023-06-07",42,48,NA
"418","House Wren",0.47569665312767,"SMM01","2023-06-07",43,27,NA
"419","House Wren",0.800102114677429,"SMM01","2023-06-07",43,30,NA
"420","House Wren",0.532118678092957,"SMM01","2023-06-07",44,30,NA
"421","House Wren",0.527373492717743,"SMM01","2023-06-07",45,18,NA
"422","House Wren",0.391575515270233,"SMM01","2023-06-07",46,48,NA
"423","House Wren",0.430982798337936,"SMM01","2023-06-07",47,21,NA
"424","House Wren",0.595781803131104,"SMM01","2023-06-07",48,6,NA
"425","House Wren",0.35474020242691,"SMM01","2023-06-07",49,33,NA
"426","House Wren",0.460276037454605,"SMM01","2023-06-07",50,30,NA
"427","House Wren",0.473337680101395,"SMM01","2023-06-07",51,21,NA
"428","House Wren",0.452259361743927,"SMM01","2023-06-07",51,42,NA
"429","House Wren",0.485579192638397,"SMM01","2023-06-07",51,51,NA
"430","House Wren",0.401359111070633,"SMM01","2023-06-07",52,27,NA
"431","House Wren",0.428650498390198,"SMM01","2023-06-07",57,3,NA
"432","House Wren",0.509695708751678,"SMM01","2023-06-07",57,54,NA
"433","House Wren",0.373687893152237,"SMM01","2023-06-07",58,12,NA
"434","House Wren",0.323973029851913,"SMM01","2023-06-07",59,3,NA
"435","House Wren",0.433387726545334,"SMM02","2023-06-05",30,3,NA
"436","House Wren",0.486330628395081,"SMM02","2023-06-05",53,0,NA
"437","House Wren",0.307115852832794,"SMM02","2023-06-06",30,9,NA
"438","House Wren",0.359626919031143,"SMM02","2023-06-06",32,57,NA
"439","House Wren",0.304479658603668,"SMM02","2023-06-06",40,48,NA
"440","House Wren",0.394833385944366,"SMM02","2023-06-06",40,57,NA
"441","House Wren",0.426529377698898,"SMM02","2023-06-06",41,36,NA
"442","House Wren",0.384353995323181,"SMM02","2023-06-06",44,15,NA
"443","House Wren",0.462840855121613,"SMM02","2023-06-06",44,18,NA
"444","House Wren",0.315397888422012,"SMM02","2023-06-06",44,45,NA
"445","House Wren",0.30517166852951,"SMM02","2023-06-06",45,45,NA
"446","House Wren",0.344074964523315,"SMM02","2023-06-06",47,45,NA
"447","House Wren",0.305772453546524,"SMM02","2023-06-06",57,12,NA
"448","House Wren",0.704441487789154,"SMM02","2023-06-06",58,0,NA
"449","House Wren",0.336748003959656,"SMM02","2023-06-06",59,6,NA
"450","House Wren",0.457465648651123,"SMM02","2023-06-07",36,51,NA
"451","House Wren",0.477178543806076,"SMM02","2023-06-07",37,30,NA
"452","House Wren",0.3603335916996,"SMM02","2023-06-07",38,12,NA
"453","House Wren",0.383620917797089,"SMM02","2023-06-07",38,57,NA
"454","House Wren",0.432367473840714,"SMM02","2023-06-07",39,27,NA
"455","House Wren",0.525450050830841,"SMM02","2023-06-07",39,57,NA
"456","House Wren",0.464464098215103,"SMM02","2023-06-07",41,3,NA
"457","House Wren",0.68195503950119,"SMM02","2023-06-07",41,36,NA
"458","House Wren",0.61788547039032,"SMM02","2023-06-07",41,42,NA
"459","House Wren",0.308555245399475,"SMM02","2023-06-07",41,48,NA
"460","House Wren",0.769884586334229,"SMM02","2023-06-07",41,57,NA
"461","House Wren",0.399798601865768,"SMM02","2023-06-07",42,15,NA
"462","House Wren",0.312879651784897,"SMM02","2023-06-07",42,27,NA
"463","House Wren",0.694960832595825,"SMM02","2023-06-07",42,36,NA
"464","House Wren",0.463598281145096,"SMM02","2023-06-07",44,21,NA
"465","House Wren",0.512494623661041,"SMM02","2023-06-07",44,30,NA
"466","House Wren",0.670033931732178,"SMM02","2023-06-07",45,24,NA
"467","House Wren",0.435168445110321,"SMM02","2023-06-07",45,42,NA
"468","House Wren",0.764073431491852,"SMM02","2023-06-07",46,48,NA
"469","House Wren",0.316775679588318,"SMM02","2023-06-07",47,33,NA
"470","House Wren",0.640605747699738,"SMM02","2023-06-07",48,6,NA
"471","House Wren",0.312605261802673,"SMM02","2023-06-07",49,27,NA
"472","House Wren",0.502615809440613,"SMM02","2023-06-07",50,57,NA
"473","House Wren",0.312651932239532,"SMM02","2023-06-07",51,6,NA
"474","House Wren",0.342890053987503,"SMM02","2023-06-07",51,21,NA
"475","House Wren",0.346948146820068,"SMM02","2023-06-07",51,36,NA
"476","House Wren",0.446514457464218,"SMM02","2023-06-07",52,39,NA
"477","House Wren",0.472347497940063,"SMM02","2023-06-07",53,39,NA
"478","House Wren",0.313760817050934,"SMM02","2023-06-07",54,45,NA
"479","House Wren",0.471738457679749,"SMM02","2023-06-07",55,36,NA
"480","House Wren",0.320430010557175,"SMM02","2023-06-07",56,45,NA
"481","House Wren",0.635873258113861,"SMM02","2023-06-07",57,36,NA
"482","House Wren",0.303371429443359,"SMM02","2023-06-07",57,48,NA
"483","House Wren",0.384839355945587,"SMM02","2023-06-07",59,45,NA
"484","House Wren",0.336479395627975,"SMM02","2023-06-08",1,21,NA
"485","House Wren",0.58888041973114,"SMM02","2023-06-08",40,27,NA
"486","House Wren",0.518164694309235,"SMM14","2023-06-12",56,6,NA
"487","House Wren",0.554372310638428,"SMM16","2023-06-02",31,39,NA
"488","House Wren",0.369679659605026,"SMM16","2023-06-03",9,9,NA
"489","House Wren",0.454244405031204,"SMM16","2023-06-04",15,54,NA
"490","House Wren",0.324540466070175,"SMM16","2023-06-07",17,0,NA
"491","House Wren",0.359931617975235,"SMM16","2023-06-07",22,48,NA
"492","House Wren",0.381562322378159,"SMM16","2023-06-08",2,3,NA
"493","House Wren",0.311519235372543,"SMM16","2023-06-08",3,45,NA
"494","House Wren",0.406496524810791,"SMM16","2023-06-08",16,45,NA
"495","House Wren",0.536848962306976,"SMM16","2023-06-09",23,9,NA
"496","House Wren",0.590594172477722,"SMM16","2023-06-09",26,21,NA
"497","House Wren",0.425965398550034,"SMM16","2023-06-10",5,57,NA
"498","House Wren",0.315531343221664,"SMM16","2023-06-10",6,33,NA
"499","House Wren",0.310464560985565,"SMM16","2023-06-18",1,9,NA
"500","House Wren",0.464022904634476,"SMM16","2023-06-25",24,6,NA
"501","Ruby-crowned Kinglet",0.372385412454605,"SMM01","2023-06-02",32,3,NA
"502","Ruby-crowned Kinglet",0.925333976745605,"SMM01","2023-06-04",30,30,NA
"503","Ruby-crowned Kinglet",0.373542577028275,"SMM01","2023-06-04",31,18,NA
"504","Ruby-crowned Kinglet",0.607409775257111,"SMM01","2023-06-04",32,0,NA
"505","Ruby-crowned Kinglet",0.586118936538696,"SMM01","2023-06-05",32,57,NA
"506","Ruby-crowned Kinglet",0.360052794218063,"SMM01","2023-06-06",24,39,NA
"507","Ruby-crowned Kinglet",0.322123140096664,"SMM01","2023-06-06",28,42,NA
"508","Ruby-crowned Kinglet",0.412018120288849,"SMM01","2023-06-06",39,6,NA
"509","Ruby-crowned Kinglet",0.351178497076035,"SMM01","2023-06-06",39,15,NA
"510","Ruby-crowned Kinglet",0.634832084178925,"SMM01","2023-06-06",42,21,NA
"511","Ruby-crowned Kinglet",0.310482174158096,"SMM01","2023-06-06",53,18,NA
"512","Ruby-crowned Kinglet",0.303772866725922,"SMM01","2023-06-06",53,39,NA
"513","Ruby-crowned Kinglet",0.60910028219223,"SMM01","2023-06-06",54,3,NA
"514","Ruby-crowned Kinglet",0.816042840480804,"SMM01","2023-06-07",23,51,NA
"515","Ruby-crowned Kinglet",0.785087645053864,"SMM01","2023-06-07",43,33,NA
"516","Ruby-crowned Kinglet",0.469886898994446,"SMM01","2023-06-08",50,39,NA
"517","Ruby-crowned Kinglet",0.610465526580811,"SMM01","2023-06-09",47,39,NA
"518","Ruby-crowned Kinglet",0.496826171875,"SMM01","2023-06-09",49,3,NA
"519","Ruby-crowned Kinglet",0.410377711057663,"SMM01","2023-06-09",56,24,NA
"520","Ruby-crowned Kinglet",0.430459141731262,"SMM01","2023-06-10",36,51,NA
"521","Ruby-crowned Kinglet",0.65065336227417,"SMM01","2023-06-10",40,48,NA
"522","Ruby-crowned Kinglet",0.834905028343201,"SMM01","2023-06-10",41,12,NA
"523","Ruby-crowned Kinglet",0.73510867357254,"SMM01","2023-06-11",31,39,NA
"524","Ruby-crowned Kinglet",0.655294239521027,"SMM01","2023-06-11",47,12,NA
"525","Ruby-crowned Kinglet",0.572837352752686,"SMM01","2023-06-11",52,12,NA
"526","Ruby-crowned Kinglet",0.723040163516998,"SMM01","2023-06-17",37,9,NA
"527","Ruby-crowned Kinglet",0.765052139759064,"SMM01","2023-06-20",49,57,NA
"528","Ruby-crowned Kinglet",0.504781723022461,"SMM01","2023-06-21",40,54,NA
"529","Ruby-crowned Kinglet",0.428610801696777,"SMM01","2023-06-21",43,30,NA
"530","Ruby-crowned Kinglet",0.467802166938782,"SMM01","2023-06-24",37,45,NA
"531","Ruby-crowned Kinglet",0.618779063224792,"SMM01","2023-06-24",41,27,NA
"532","Ruby-crowned Kinglet",0.383149683475494,"SMM02","2023-06-01",33,3,NA
"533","Ruby-crowned Kinglet",0.651555240154266,"SMM02","2023-06-04",29,27,NA
"534","Ruby-crowned Kinglet",0.443398684263229,"SMM02","2023-06-04",31,12,NA
"535","Ruby-crowned Kinglet",0.453745007514954,"SMM02","2023-06-05",26,57,NA
"536","Ruby-crowned Kinglet",0.770621716976166,"SMM02","2023-06-05",27,39,NA
"537","Ruby-crowned Kinglet",0.88836258649826,"SMM02","2023-06-05",28,33,NA
"538","Ruby-crowned Kinglet",0.311761438846588,"SMM02","2023-06-05",59,21,NA
"539","Ruby-crowned Kinglet",0.461536973714828,"SMM02","2023-06-06",24,9,NA
"540","Ruby-crowned Kinglet",0.526789844036102,"SMM02","2023-06-06",29,3,NA
"541","Ruby-crowned Kinglet",0.43122261762619,"SMM02","2023-06-06",31,9,NA
"542","Ruby-crowned Kinglet",0.386499136686325,"SMM02","2023-06-06",31,18,NA
"543","Ruby-crowned Kinglet",0.389758706092834,"SMM02","2023-06-06",36,12,NA
"544","Ruby-crowned Kinglet",0.340143114328384,"SMM02","2023-06-06",39,48,NA
"545","Ruby-crowned Kinglet",0.805997014045715,"SMM02","2023-06-06",42,36,NA
"546","Ruby-crowned Kinglet",0.35807192325592,"SMM02","2023-06-06",43,6,NA
"547","Ruby-crowned Kinglet",0.694743156433105,"SMM02","2023-06-06",49,33,NA
"548","Ruby-crowned Kinglet",0.74933385848999,"SMM02","2023-06-06",53,36,NA
"549","Ruby-crowned Kinglet",0.311365067958832,"SMM02","2023-06-08",29,45,NA
"550","Ruby-crowned Kinglet",0.524529099464417,"SMM02","2023-06-08",37,36,NA
"551","Ruby-crowned Kinglet",0.410897612571716,"SMM02","2023-06-08",38,36,NA
"552","Ruby-crowned Kinglet",0.981379151344299,"SMM02","2023-06-08",49,15,NA
"553","Ruby-crowned Kinglet",0.701955854892731,"SMM02","2023-06-08",53,39,NA
"554","Ruby-crowned Kinglet",0.325808048248291,"SMM02","2023-06-09",26,30,NA
"555","Ruby-crowned Kinglet",0.737671196460724,"SMM02","2023-06-09",30,36,NA
"556","Ruby-crowned Kinglet",0.564624309539795,"SMM02","2023-06-09",40,39,NA
"557","Ruby-crowned Kinglet",0.374232083559036,"SMM02","2023-06-09",50,51,NA
"558","Ruby-crowned Kinglet",0.814068257808685,"SMM02","2023-06-09",57,33,NA
"559","Ruby-crowned Kinglet",0.93965345621109,"SMM02","2023-06-10",41,12,NA
"560","Ruby-crowned Kinglet",0.853171706199646,"SMM02","2023-06-11",47,12,NA
"561","Ruby-crowned Kinglet",0.87864089012146,"SMM02","2023-06-11",48,3,NA
"562","Ruby-crowned Kinglet",0.386086672544479,"SMM02","2023-06-13",23,12,NA
"563","Ruby-crowned Kinglet",0.362951576709747,"SMM02","2023-06-13",34,24,NA
"564","Ruby-crowned Kinglet",0.307524561882019,"SMM02","2023-06-15",34,9,NA
"565","Ruby-crowned Kinglet",0.366729646921158,"SMM02","2023-06-15",56,9,NA
"566","Ruby-crowned Kinglet",0.324023604393005,"SMM02","2023-06-15",59,54,NA
"567","Ruby-crowned Kinglet",0.402828067541122,"SMM02","2023-06-18",44,33,NA
"568","Ruby-crowned Kinglet",0.470730245113373,"SMM02","2023-06-20",52,54,NA
"569","Ruby-crowned Kinglet",0.817365944385529,"SMM02","2023-06-21",41,12,NA
"570","Ruby-crowned Kinglet",0.966214537620544,"SMM02","2023-06-21",42,12,NA
"571","Ruby-crowned Kinglet",0.861572444438934,"SMM02","2023-06-21",47,54,NA
"572","Ruby-crowned Kinglet",0.337628901004791,"SMM02","2023-06-22",34,33,NA
"573","Ruby-crowned Kinglet",0.574311912059784,"SMM02","2023-06-23",46,39,NA
"574","Ruby-crowned Kinglet",0.526316523551941,"SMM02","2023-06-24",39,12,NA
"575","Ruby-crowned Kinglet",0.456128984689713,"SMM02","2023-06-24",41,9,NA
"576","Ruby-crowned Kinglet",0.33293628692627,"SMM05","2023-06-02",32,18,NA
"577","Ruby-crowned Kinglet",0.403522491455078,"SMM05","2023-06-03",23,36,NA
"578","Ruby-crowned Kinglet",0.36643198132515,"SMM05","2023-06-03",23,57,NA
"579","Ruby-crowned Kinglet",0.455392777919769,"SMM05","2023-06-05",16,6,NA
"580","Ruby-crowned Kinglet",0.500218272209167,"SMM05","2023-06-05",18,45,NA
"581","Ruby-crowned Kinglet",0.335174769163132,"SMM05","2023-06-05",54,6,NA
"582","Ruby-crowned Kinglet",0.444506615400314,"SMM07","2023-06-22",53,54,NA
"583","Ruby-crowned Kinglet",0.356607675552368,"SMM07","2023-06-22",55,42,NA
"584","Ruby-crowned Kinglet",0.380411148071289,"SMM07","2023-06-22",57,51,NA
"585","Ruby-crowned Kinglet",0.456606268882751,"SMM07","2023-06-24",57,36,NA
"586","Ruby-crowned Kinglet",0.352826327085495,"SMM11","2023-06-02",18,3,NA
"587","Ruby-crowned Kinglet",0.959095597267151,"SMM11","2023-06-03",53,24,NA
"588","Ruby-crowned Kinglet",0.72308760881424,"SMM11","2023-06-04",23,15,NA
"589","Ruby-crowned Kinglet",0.725254118442535,"SMM11","2023-06-08",49,21,NA
"590","Ruby-crowned Kinglet",0.658575057983398,"SMM11","2023-06-09",59,48,NA
"591","Ruby-crowned Kinglet",0.939107716083527,"SMM11","2023-06-12",26,45,NA
"592","Ruby-crowned Kinglet",0.380545765161514,"SMM11","2023-06-12",43,51,NA
"593","Ruby-crowned Kinglet",0.804418504238129,"SMM11","2023-06-12",53,0,NA
"594","Ruby-crowned Kinglet",0.432579159736633,"SMM11","2023-06-12",54,30,NA
"595","Ruby-crowned Kinglet",0.392088979482651,"SMM11","2023-06-25",43,21,NA
"596","Ruby-crowned Kinglet",0.595245003700256,"SMM14","2023-06-01",56,3,NA
"597","Ruby-crowned Kinglet",0.637778997421265,"SMM14","2023-06-02",49,27,NA
"598","Ruby-crowned Kinglet",0.816877961158752,"SMM14","2023-06-02",51,3,NA
"599","Ruby-crowned Kinglet",0.413514256477356,"SMM14","2023-06-05",40,54,NA
"600","Ruby-crowned Kinglet",0.752935886383057,"SMM14","2023-06-08",59,9,NA
"601","Swainson's Thrush",0.333132535219193,"SMM01","2023-06-18",8,51,NA
"602","Swainson's Thrush",0.771516501903534,"SMM01","2023-06-18",9,18,NA
"603","Swainson's Thrush",0.452007085084915,"SMM01","2023-06-18",11,33,NA
"604","Swainson's Thrush",0.399080574512482,"SMM01","2023-06-18",11,51,NA
"605","Swainson's Thrush",0.509341537952423,"SMM01","2023-06-18",12,51,NA
"606","Swainson's Thrush",0.857447862625122,"SMM01","2023-06-18",13,36,NA
"607","Swainson's Thrush",0.919762670993805,"SMM01","2023-06-18",13,57,NA
"608","Swainson's Thrush",0.769570112228394,"SMM01","2023-06-18",14,48,NA
"609","Swainson's Thrush",0.733140528202057,"SMM01","2023-06-18",15,36,NA
"610","Swainson's Thrush",0.841943681240082,"SMM01","2023-06-18",15,42,NA
"611","Swainson's Thrush",0.802824854850769,"SMM01","2023-06-18",16,9,NA
"612","Swainson's Thrush",0.484365284442902,"SMM01","2023-06-18",16,36,NA
"613","Swainson's Thrush",0.597823917865753,"SMM01","2023-06-18",17,15,NA
"614","Swainson's Thrush",0.737957537174225,"SMM01","2023-06-18",18,9,NA
"615","Swainson's Thrush",0.515278518199921,"SMM01","2023-06-18",18,27,NA
"616","Swainson's Thrush",0.659688830375671,"SMM01","2023-06-18",20,45,NA
"617","Swainson's Thrush",0.584146440029144,"SMM01","2023-06-18",20,57,NA
"618","Swainson's Thrush",0.439646244049072,"SMM01","2023-06-18",21,15,NA
"619","Swainson's Thrush",0.485704362392426,"SMM01","2023-06-18",21,21,NA
"620","Swainson's Thrush",0.586966633796692,"SMM01","2023-06-18",22,21,NA
"621","Swainson's Thrush",0.380614906549454,"SMM01","2023-06-18",22,57,NA
"622","Swainson's Thrush",0.449471443891525,"SMM01","2023-06-18",23,3,NA
"623","Swainson's Thrush",0.621007680892944,"SMM01","2023-06-18",23,30,NA
"624","Swainson's Thrush",0.461950451135635,"SMM01","2023-06-18",25,0,NA
"625","Swainson's Thrush",0.539207518100739,"SMM01","2023-06-18",25,45,NA
"626","Swainson's Thrush",0.660849273204803,"SMM01","2023-06-18",26,27,NA
"627","Swainson's Thrush",0.888245463371277,"SMM01","2023-06-18",26,33,NA
"628","Swainson's Thrush",0.906970262527466,"SMM01","2023-06-18",26,57,NA
"629","Swainson's Thrush",0.381549119949341,"SMM01","2023-06-18",27,36,NA
"630","Swainson's Thrush",0.431997835636139,"SMM01","2023-06-18",27,42,NA
"631","Swainson's Thrush",0.661756575107574,"SMM01","2023-06-18",27,54,NA
"632","Swainson's Thrush",0.855417490005493,"SMM01","2023-06-18",28,6,NA
"633","Swainson's Thrush",0.815710306167603,"SMM01","2023-06-18",28,18,NA
"634","Swainson's Thrush",0.532445192337036,"SMM01","2023-06-18",29,12,NA
"635","Swainson's Thrush",0.369967639446259,"SMM01","2023-06-18",29,18,NA
"636","Swainson's Thrush",0.86051344871521,"SMM01","2023-06-18",29,24,NA
"637","Swainson's Thrush",0.95311713218689,"SMM01","2023-06-18",29,33,NA
"638","Swainson's Thrush",0.360545754432678,"SMM01","2023-06-18",30,36,NA
"639","Swainson's Thrush",0.746757388114929,"SMM01","2023-06-18",30,42,NA
"640","Swainson's Thrush",0.665922284126282,"SMM01","2023-06-18",31,3,NA
"641","Swainson's Thrush",0.6033895611763,"SMM01","2023-06-18",31,27,NA
"642","Swainson's Thrush",0.660981833934784,"SMM01","2023-06-18",31,33,NA
"643","Swainson's Thrush",0.69410502910614,"SMM01","2023-06-18",32,15,NA
"644","Swainson's Thrush",0.377392113208771,"SMM01","2023-06-18",32,39,NA
"645","Swainson's Thrush",0.392310619354248,"SMM01","2023-06-18",32,51,NA
"646","Swainson's Thrush",0.321146368980408,"SMM01","2023-06-18",38,39,NA
"647","Swainson's Thrush",0.354027450084686,"SMM01","2023-06-18",40,36,NA
"648","Swainson's Thrush",0.672569096088409,"SMM01","2023-06-18",41,39,NA
"649","Swainson's Thrush",0.303027153015137,"SMM01","2023-06-18",41,42,NA
"650","Swainson's Thrush",0.31726598739624,"SMM01","2023-06-18",44,21,NA
"651","Swainson's Thrush",0.488178312778473,"SMM01","2023-06-18",44,45,NA
"652","Swainson's Thrush",0.33833509683609,"SMM01","2023-06-18",54,57,NA
"653","Swainson's Thrush",0.434921979904175,"SMM01","2023-06-18",55,24,NA
"654","Swainson's Thrush",0.855741441249847,"SMM01","2023-06-18",58,42,NA
"655","Swainson's Thrush",0.643622756004333,"SMM02","2023-06-02",14,45,NA
"656","Swainson's Thrush",0.667913317680359,"SMM02","2023-06-02",15,12,NA
"657","Swainson's Thrush",0.59709769487381,"SMM02","2023-06-18",7,27,NA
"658","Swainson's Thrush",0.407425612211227,"SMM02","2023-06-18",7,42,NA
"659","Swainson's Thrush",0.800710558891296,"SMM02","2023-06-18",13,51,NA
"660","Swainson's Thrush",0.845395684242249,"SMM02","2023-06-18",15,15,NA
"661","Swainson's Thrush",0.671720385551453,"SMM02","2023-06-18",15,42,NA
"662","Swainson's Thrush",0.662013292312622,"SMM02","2023-06-18",16,3,NA
"663","Swainson's Thrush",0.913962960243225,"SMM02","2023-06-18",16,45,NA
"664","Swainson's Thrush",0.588554739952087,"SMM02","2023-06-18",17,9,NA
"665","Swainson's Thrush",0.638987362384796,"SMM02","2023-06-18",17,18,NA
"666","Swainson's Thrush",0.333223581314087,"SMM02","2023-06-18",17,24,NA
"667","Swainson's Thrush",0.858497142791748,"SMM02","2023-06-18",17,54,NA
"668","Swainson's Thrush",0.800174474716187,"SMM02","2023-06-18",19,0,NA
"669","Swainson's Thrush",0.515006363391876,"SMM02","2023-06-18",19,45,NA
"670","Swainson's Thrush",0.627802789211273,"SMM02","2023-06-18",20,48,NA
"671","Swainson's Thrush",0.779946446418762,"SMM02","2023-06-18",21,6,NA
"672","Swainson's Thrush",0.687288403511047,"SMM02","2023-06-18",24,21,NA
"673","Swainson's Thrush",0.865335047245026,"SMM02","2023-06-18",25,48,NA
"674","Swainson's Thrush",0.870301783084869,"SMM02","2023-06-18",26,0,NA
"675","Swainson's Thrush",0.935248970985413,"SMM02","2023-06-18",27,0,NA
"676","Swainson's Thrush",0.64219206571579,"SMM02","2023-06-18",27,21,NA
"677","Swainson's Thrush",0.33217990398407,"SMM02","2023-06-18",28,45,NA
"678","Swainson's Thrush",0.336108595132828,"SMM02","2023-06-18",30,18,NA
"679","Swainson's Thrush",0.905474841594696,"SMM02","2023-06-18",30,27,NA
"680","Swainson's Thrush",0.394609540700912,"SMM02","2023-06-18",30,54,NA
"681","Swainson's Thrush",0.785976648330688,"SMM02","2023-06-18",32,27,NA
"682","Swainson's Thrush",0.782392978668213,"SMM02","2023-06-18",32,42,NA
"683","Swainson's Thrush",0.349919229745865,"SMM02","2023-06-18",36,21,NA
"684","Swainson's Thrush",0.708218216896057,"SMM02","2023-06-18",41,36,NA
"685","Swainson's Thrush",0.416489988565445,"SMM02","2023-06-18",43,15,NA
"686","Swainson's Thrush",0.722522020339966,"SMM02","2023-06-18",52,51,NA
"687","Swainson's Thrush",0.355109542608261,"SMM02","2023-06-18",54,42,NA
"688","Swainson's Thrush",0.468242794275284,"SMM02","2023-06-18",55,18,NA
"689","Swainson's Thrush",0.629425048828125,"SMM05","2023-06-23",41,51,NA
"690","Swainson's Thrush",0.855273425579071,"SMM07","2023-06-11",53,27,NA
"691","Swainson's Thrush",0.886003375053406,"SMM07","2023-06-12",53,54,NA
"692","Swainson's Thrush",0.338457375764847,"SMM07","2023-06-14",44,45,NA
"693","Swainson's Thrush",0.448328495025635,"SMM11","2023-06-09",5,36,NA
"694","Swainson's Thrush",0.339134752750397,"SMM11","2023-06-09",40,54,NA
"695","Swainson's Thrush",0.330081790685654,"SMM11","2023-06-11",12,18,NA
"696","Swainson's Thrush",0.634596586227417,"SMM14","2023-06-11",37,39,NA
"697","Swainson's Thrush",0.32697719335556,"SMM14","2023-06-12",5,39,NA
"698","Swainson's Thrush",0.31065571308136,"SMM14","2023-06-16",46,51,NA
"699","Swainson's Thrush",0.635356783866882,"SMM14","2023-06-16",47,3,NA
"700","Swainson's Thrush",0.69842004776001,"SMM14","2023-06-16",53,6,NA
"701","Warbling Vireo",0.374230980873108,"SMM01","2023-06-19",26,18,NA
"702","Warbling Vireo",0.482671350240707,"SMM01","2023-06-25",42,48,NA
"703","Warbling Vireo",0.4128797352314,"SMM02","2023-06-08",27,3,NA
"704","Warbling Vireo",0.5058274269104,"SMM02","2023-06-25",40,24,NA
"705","Warbling Vireo",0.837053537368774,"SMM02","2023-06-25",55,12,NA
"706","Warbling Vireo",0.539494812488556,"SMM05","2023-06-01",51,42,NA
"707","Warbling Vireo",0.455249041318893,"SMM05","2023-06-02",22,57,NA
"708","Warbling Vireo",0.4752217233181,"SMM05","2023-06-02",23,6,NA
"709","Warbling Vireo",0.812111794948578,"SMM05","2023-06-03",2,21,NA
"710","Warbling Vireo",0.880258858203888,"SMM05","2023-06-03",3,51,NA
"711","Warbling Vireo",0.438279986381531,"SMM05","2023-06-03",14,18,NA
"712","Warbling Vireo",0.672635495662689,"SMM05","2023-06-03",21,30,NA
"713","Warbling Vireo",0.361589103937149,"SMM05","2023-06-04",10,39,NA
"714","Warbling Vireo",0.642904996871948,"SMM05","2023-06-04",15,33,NA
"715","Warbling Vireo",0.583637356758118,"SMM05","2023-06-04",18,27,NA
"716","Warbling Vireo",0.86604779958725,"SMM05","2023-06-05",7,42,NA
"717","Warbling Vireo",0.371252834796906,"SMM05","2023-06-05",11,18,NA
"718","Warbling Vireo",0.402683436870575,"SMM05","2023-06-05",12,21,NA
"719","Warbling Vireo",0.336176663637161,"SMM05","2023-06-05",18,54,NA
"720","Warbling Vireo",0.428269803524017,"SMM05","2023-06-05",20,45,NA
"721","Warbling Vireo",0.321440130472183,"SMM05","2023-06-14",3,57,NA
"722","Warbling Vireo",0.30346667766571,"SMM05","2023-06-14",11,54,NA
"723","Warbling Vireo",0.678246736526489,"SMM05","2023-06-14",18,42,NA
"724","Warbling Vireo",0.661259174346924,"SMM05","2023-06-14",18,51,NA
"725","Warbling Vireo",0.78917521238327,"SMM05","2023-06-14",20,36,NA
"726","Warbling Vireo",0.388750046491623,"SMM05","2023-06-14",20,54,NA
"727","Warbling Vireo",0.336204946041107,"SMM05","2023-06-14",27,0,NA
"728","Warbling Vireo",0.481108993291855,"SMM05","2023-06-14",36,24,NA
"729","Warbling Vireo",0.541037678718567,"SMM05","2023-06-14",45,36,NA
"730","Warbling Vireo",0.300302356481552,"SMM05","2023-06-15",46,51,NA
"731","Warbling Vireo",0.523766458034515,"SMM05","2023-06-16",13,51,NA
"732","Warbling Vireo",0.737197935581207,"SMM05","2023-06-16",20,12,NA
"733","Warbling Vireo",0.490661948919296,"SMM05","2023-06-16",41,54,NA
"734","Warbling Vireo",0.342149674892426,"SMM05","2023-06-17",10,33,NA
"735","Warbling Vireo",0.361022889614105,"SMM05","2023-06-17",12,42,NA
"736","Warbling Vireo",0.387700229883194,"SMM05","2023-06-17",13,54,NA
"737","Warbling Vireo",0.755870401859283,"SMM05","2023-06-17",17,45,NA
"738","Warbling Vireo",0.348273009061813,"SMM05","2023-06-17",20,6,NA
"739","Warbling Vireo",0.509216487407684,"SMM05","2023-06-17",21,0,NA
"740","Warbling Vireo",0.564365148544312,"SMM05","2023-06-17",27,0,NA
"741","Warbling Vireo",0.492523908615112,"SMM05","2023-06-17",39,57,NA
"742","Warbling Vireo",0.732834160327911,"SMM05","2023-06-18",29,30,NA
"743","Warbling Vireo",0.426043063402176,"SMM05","2023-06-18",30,57,NA
"744","Warbling Vireo",0.734430611133575,"SMM05","2023-06-18",34,21,NA
"745","Warbling Vireo",0.501650869846344,"SMM05","2023-06-18",34,39,NA
"746","Warbling Vireo",0.801742851734161,"SMM05","2023-06-18",36,21,NA
"747","Warbling Vireo",0.715379595756531,"SMM05","2023-06-18",38,51,NA
"748","Warbling Vireo",0.472266107797623,"SMM05","2023-06-19",31,21,NA
"749","Warbling Vireo",0.642973244190216,"SMM05","2023-06-19",48,21,NA
"750","Warbling Vireo",0.950539171695709,"SMM05","2023-06-19",51,36,NA
"751","Warbling Vireo",0.651232182979584,"SMM05","2023-06-20",46,51,NA
"752","Warbling Vireo",0.370322853326797,"SMM05","2023-06-21",5,27,NA
"753","Warbling Vireo",0.848978698253632,"SMM05","2023-06-21",7,48,NA
"754","Warbling Vireo",0.320003747940063,"SMM05","2023-06-21",15,6,NA
"755","Warbling Vireo",0.687612771987915,"SMM05","2023-06-21",16,3,NA
"756","Warbling Vireo",0.59862208366394,"SMM05","2023-06-21",31,24,NA
"757","Warbling Vireo",0.378576099872589,"SMM05","2023-06-21",33,57,NA
"758","Warbling Vireo",0.841162323951721,"SMM05","2023-06-21",42,36,NA
"759","Warbling Vireo",0.747753858566284,"SMM05","2023-06-21",44,27,NA
"760","Warbling Vireo",0.568200469017029,"SMM05","2023-06-21",45,24,NA
"761","Warbling Vireo",0.787272989749908,"SMM05","2023-06-21",49,6,NA
"762","Warbling Vireo",0.638568222522736,"SMM05","2023-06-22",0,12,NA
"763","Warbling Vireo",0.418021827936172,"SMM05","2023-06-22",14,21,NA
"764","Warbling Vireo",0.454848259687424,"SMM05","2023-06-22",21,57,NA
"765","Warbling Vireo",0.604149401187897,"SMM05","2023-06-22",22,27,NA
"766","Warbling Vireo",0.495227098464966,"SMM05","2023-06-22",29,0,NA
"767","Warbling Vireo",0.387742251157761,"SMM05","2023-06-22",35,42,NA
"768","Warbling Vireo",0.852031946182251,"SMM05","2023-06-22",45,57,NA
"769","Warbling Vireo",0.440669447183609,"SMM05","2023-06-23",9,21,NA
"770","Warbling Vireo",0.424105435609818,"SMM05","2023-06-23",33,9,NA
"771","Warbling Vireo",0.66872102022171,"SMM05","2023-06-23",38,21,NA
"772","Warbling Vireo",0.77109569311142,"SMM05","2023-06-23",38,57,NA
"773","Warbling Vireo",0.321933746337891,"SMM05","2023-06-23",41,30,NA
"774","Warbling Vireo",0.340620040893555,"SMM05","2023-06-23",47,12,NA
"775","Warbling Vireo",0.503304243087769,"SMM05","2023-06-24",9,24,NA
"776","Warbling Vireo",0.727491199970245,"SMM05","2023-06-24",9,42,NA
"777","Warbling Vireo",0.513893365859985,"SMM05","2023-06-24",12,33,NA
"778","Warbling Vireo",0.315487504005432,"SMM05","2023-06-24",24,21,NA
"779","Warbling Vireo",0.842592895030975,"SMM05","2023-06-24",34,54,NA
"780","Warbling Vireo",0.956228137016296,"SMM05","2023-06-24",59,39,NA
"781","Warbling Vireo",0.694233596324921,"SMM05","2023-06-25",11,51,NA
"782","Warbling Vireo",0.433113485574722,"SMM05","2023-06-25",14,27,NA
"783","Warbling Vireo",0.351368367671967,"SMM05","2023-06-25",15,33,NA
"784","Warbling Vireo",0.30791899561882,"SMM05","2023-06-25",15,42,NA
"785","Warbling Vireo",0.607762098312378,"SMM05","2023-06-25",19,12,NA
"786","Warbling Vireo",0.45291343331337,"SMM05","2023-06-25",32,27,NA
"787","Warbling Vireo",0.316034615039825,"SMM08","2023-06-01",43,57,NA
"788","Warbling Vireo",0.400560617446899,"SMM08","2023-06-01",56,15,NA
"789","Warbling Vireo",0.865142345428467,"SMM08","2023-06-01",57,51,NA
"790","Warbling Vireo",0.801986336708069,"SMM08","2023-06-01",58,0,NA
"791","Warbling Vireo",0.418324559926987,"SMM08","2023-06-11",31,15,NA
"792","Warbling Vireo",0.371910512447357,"SMM14","2023-06-01",35,57,NA
"793","Warbling Vireo",0.505126535892487,"SMM14","2023-06-02",49,30,NA
"794","Warbling Vireo",0.510351955890656,"SMM14","2023-06-03",7,15,NA
"795","Warbling Vireo",0.396491169929504,"SMM14","2023-06-06",57,33,NA
"796","Warbling Vireo",0.575834095478058,"SMM14","2023-06-16",57,30,NA
"797","Warbling Vireo",0.46179535984993,"SMM14","2023-06-22",57,30,NA
"798","Warbling Vireo",0.350032985210419,"SMM14","2023-06-22",59,42,NA
"799","Warbling Vireo",0.353414952754974,"SMM14","2023-06-24",57,42,NA
"800","Warbling Vireo",0.322204381227493,"SMM14","2023-06-26",35,30,NA
"801","Western Tanager",0.415606826543808,"SMM01","2023-06-03",49,18,NA
"802","Western Tanager",0.505344271659851,"SMM01","2023-06-05",24,48,NA
"803","Western Tanager",0.864469766616821,"SMM01","2023-06-10",23,15,NA
"804","Western Tanager",0.7540203332901,"SMM01","2023-06-12",0,51,NA
"805","Western Tanager",0.876778662204742,"SMM01","2023-06-12",6,3,NA
"806","Western Tanager",0.300253123044968,"SMM01","2023-06-14",4,33,NA
"807","Western Tanager",0.573527276515961,"SMM01","2023-06-14",12,42,NA
"808","Western Tanager",0.973218262195587,"SMM01","2023-06-19",47,0,NA
"809","Western Tanager",0.432024508714676,"SMM01","2023-06-19",47,3,NA
"810","Western Tanager",0.32059046626091,"SMM01","2023-06-20",36,39,NA
"811","Western Tanager",0.677397787570953,"SMM01","2023-06-22",5,3,NA
"812","Western Tanager",0.56425541639328,"SMM01","2023-06-24",9,42,NA
"813","Western Tanager",0.508023202419281,"SMM01","2023-06-24",10,15,NA
"814","Western Tanager",0.33298721909523,"SMM01","2023-06-24",15,15,NA
"815","Western Tanager",0.70753288269043,"SMM01","2023-06-24",18,6,NA
"816","Western Tanager",0.457855463027954,"SMM01","2023-06-24",25,0,NA
"817","Western Tanager",0.571943998336792,"SMM01","2023-06-24",28,42,NA
"818","Western Tanager",0.788718640804291,"SMM01","2023-06-25",9,24,NA
"819","Western Tanager",0.350969046354294,"SMM01","2023-06-26",17,3,NA
"820","Western Tanager",0.624563276767731,"SMM01","2023-06-26",32,12,NA
"821","Western Tanager",0.417196065187454,"SMM02","2023-06-03",57,30,NA
"822","Western Tanager",0.32326939702034,"SMM02","2023-06-07",12,27,NA
"823","Western Tanager",0.535826504230499,"SMM02","2023-06-11",17,42,NA
"824","Western Tanager",0.418175041675568,"SMM02","2023-06-12",4,39,NA
"825","Western Tanager",0.409532845020294,"SMM02","2023-06-12",8,33,NA
"826","Western Tanager",0.660402297973633,"SMM02","2023-06-12",28,39,NA
"827","Western Tanager",0.34664985537529,"SMM02","2023-06-12",46,54,NA
"828","Western Tanager",0.777615487575531,"SMM02","2023-06-14",11,18,NA
"829","Western Tanager",0.331050038337708,"SMM02","2023-06-20",31,57,NA
"830","Western Tanager",0.382046312093735,"SMM02","2023-06-20",34,21,NA
"831","Western Tanager",0.536788284778595,"SMM02","2023-06-24",8,0,NA
"832","Western Tanager",0.387976884841919,"SMM02","2023-06-24",12,39,NA
"833","Western Tanager",0.494619727134705,"SMM02","2023-06-24",21,6,NA
"834","Western Tanager",0.82977032661438,"SMM02","2023-06-26",19,24,NA
"835","Western Tanager",0.966795921325684,"SMM05","2023-06-16",2,27,NA
"836","Western Tanager",0.955732643604279,"SMM05","2023-06-16",3,30,NA
"837","Western Tanager",0.982578754425049,"SMM05","2023-06-16",4,3,NA
"838","Western Tanager",0.58869206905365,"SMM05","2023-06-16",4,12,NA
"839","Western Tanager",0.964685618877411,"SMM05","2023-06-16",4,48,NA
"840","Western Tanager",0.987299740314484,"SMM05","2023-06-16",5,39,NA
"841","Western Tanager",0.479663580656052,"SMM05","2023-06-16",8,3,NA
"842","Western Tanager",0.927897095680237,"SMM05","2023-06-16",20,48,NA
"843","Western Tanager",0.382995635271072,"SMM05","2023-06-16",45,15,NA
"844","Western Tanager",0.38245552778244,"SMM05","2023-06-16",56,51,NA
"845","Western Tanager",0.57763934135437,"SMM05","2023-06-17",3,24,NA
"846","Western Tanager",0.702957391738892,"SMM05","2023-06-17",36,0,NA
"847","Western Tanager",0.506571471691132,"SMM05","2023-06-17",59,6,NA
"848","Western Tanager",0.639389157295227,"SMM05","2023-06-19",1,18,NA
"849","Western Tanager",0.838642835617065,"SMM05","2023-06-19",12,42,NA
"850","Western Tanager",0.87819367647171,"SMM05","2023-06-19",14,39,NA
"851","Western Tanager",0.528037548065186,"SMM05","2023-06-19",23,9,NA
"852","Western Tanager",0.956945180892944,"SMM05","2023-06-19",24,0,NA
"853","Western Tanager",0.939379394054413,"SMM05","2023-06-19",24,15,NA
"854","Western Tanager",0.968309581279755,"SMM05","2023-06-20",14,24,NA
"855","Western Tanager",0.816108584403992,"SMM05","2023-06-20",15,39,NA
"856","Western Tanager",0.775619745254517,"SMM05","2023-06-26",5,0,NA
"857","Western Tanager",0.991908073425293,"SMM05","2023-06-26",12,39,NA
"858","Western Tanager",0.938744843006134,"SMM05","2023-06-26",14,0,NA
"859","Western Tanager",0.950399041175842,"SMM05","2023-06-26",31,30,NA
"860","Western Tanager",0.79205197095871,"SMM05","2023-06-26",36,51,NA
"861","Western Tanager",0.924616098403931,"SMM05","2023-06-26",47,51,NA
"862","Western Tanager",0.400425404310226,"SMM11","2023-06-01",33,57,NA
"863","Western Tanager",0.462808102369308,"SMM11","2023-06-02",44,57,NA
"864","Western Tanager",0.950019657611847,"SMM11","2023-06-03",26,39,NA
"865","Western Tanager",0.955830335617065,"SMM11","2023-06-03",33,45,NA
"866","Western Tanager",0.973354637622833,"SMM11","2023-06-03",57,33,NA
"867","Western Tanager",0.384192764759064,"SMM11","2023-06-25",48,24,NA
"868","Western Tanager",0.446337014436722,"SMM11","2023-06-26",3,54,NA
"869","Western Tanager",0.346849054098129,"SMM11","2023-06-26",26,42,NA
"870","Western Tanager",0.890787839889526,"SMM14","2023-06-05",26,33,NA
"871","Western Tanager",0.820093631744385,"SMM14","2023-06-06",11,36,NA
"872","Western Tanager",0.795972526073456,"SMM14","2023-06-06",11,42,NA
"873","Western Tanager",0.344655930995941,"SMM14","2023-06-06",16,15,NA
"874","Western Tanager",0.45504766702652,"SMM14","2023-06-06",17,27,NA
"875","Western Tanager",0.513648390769958,"SMM14","2023-06-06",28,51,NA
"876","Western Tanager",0.370161026716232,"SMM14","2023-06-07",15,0,NA
"877","Western Tanager",0.834028959274292,"SMM14","2023-06-08",15,30,NA
"878","Western Tanager",0.45823147892952,"SMM14","2023-06-08",19,15,NA
"879","Western Tanager",0.693891227245331,"SMM14","2023-06-11",56,57,NA
"880","Western Tanager",0.426542907953262,"SMM14","2023-06-12",1,3,NA
"881","Western Tanager",0.528220415115356,"SMM14","2023-06-12",17,21,NA
"882","Western Tanager",0.703959345817566,"SMM14","2023-06-12",21,51,NA
"883","Western Tanager",0.385530859231949,"SMM14","2023-06-17",27,12,NA
"884","Western Tanager",0.433482974767685,"SMM14","2023-06-17",27,54,NA
"885","Western Tanager",0.681030690670013,"SMM14","2023-06-17",29,15,NA
"886","Western Tanager",0.30238738656044,"SMM14","2023-06-17",32,18,NA
"887","Western Tanager",0.439179986715317,"SMM14","2023-06-18",14,48,NA
"888","Western Tanager",0.61395138502121,"SMM14","2023-06-19",3,24,NA
"889","Western Tanager",0.737943291664124,"SMM14","2023-06-20",8,12,NA
"890","Western Tanager",0.519710063934326,"SMM14","2023-06-20",11,27,NA
"891","Western Tanager",0.38345468044281,"SMM14","2023-06-21",17,21,NA
"892","Western Tanager",0.598650753498077,"SMM14","2023-06-22",17,42,NA
"893","Western Tanager",0.311960935592651,"SMM14","2023-06-22",44,54,NA
"894","Western Tanager",0.328090518712997,"SMM14","2023-06-25",42,51,NA
"895","Western Tanager",0.374957710504532,"SMM14","2023-06-26",1,18,NA
"896","Western Tanager",0.475937306880951,"SMM14","2023-06-26",52,39,NA
"897","Western Tanager",0.345018237829208,"SMM16","2023-06-05",42,36,NA
"898","Western Tanager",0.374954342842102,"SMM16","2023-06-05",42,48,NA
"899","Western Tanager",0.586360096931458,"SMM16","2023-06-10",20,45,NA
"900","Western Tanager",0.497225284576416,"SMM16","2023-06-13",8,3,NA
